{
  "project_info": {
    "project_number": "952870818191",
    "firebase_url": "https://whatsappproject-dfe7f.firebaseio.com",
    "project_id": "whatsappproject-dfe7f",
    "storage_bucket": "whatsappproject-dfe7f.appspot.com"
  },
  "client": [
    {
      "client_info": {
        "mobilesdk_app_id": "1:952870818191:android:e43c8facf7a6366e",
        "android_client_info": {
          "package_name": "com.example.whatsappclone"
        }
      },
      "oauth_client": [
        {
          "client_id": "952870818191-m9npqfjo6s3p001asr9g8pd450bdt5er.apps.googleusercontent.com",
          "client_type": 3
        }
      ],
      "api_key": [
        {
          "current_key": "AIzaSyDsYF4zn5FyQKmIa2HAtE8D3iKPRkKKd9c"
        }
      ],
      "services": {
        "appinvite_service": {
          "other_platform_oauth_client": [
            {
              "client_id": "952870818191-m9npqfjo6s3p001asr9g8pd450bdt5er.apps.googleusercontent.com",
              "client_type": 3
            }
          ]
        }
      }
    }
  ],
  "configuration_version": "1"
}